<?xml version="1.0" encoding="utf-8" ?>
<Defs>

  <GameConditionDef Class="SeasonalWeather.WeatherConditionDef">
    <defName>DoubleRainbow</defName>
    <conditionClass>SeasonalWeather.GameCondition_WeatherEmanation</conditionClass>
    <label>double rainbow</label>
    <description>A rare double rainbow has appeared.</description>
    <weatherDroneLevel>GoodLow</weatherDroneLevel>
    <endMessage>The double rainbow is over.</endMessage>
  </GameConditionDef>

  <GameConditionDef>
    <defName>Earthquake</defName>
    <conditionClass>SeasonalWeather.GameCondition_Earthquake</conditionClass>
    <label>earthquake</label>
    <description>Earthquake</description>
    <endMessage>The earthquake has ended.</endMessage>
  </GameConditionDef>

  <GameConditionDef>
    <defName>Wildfire</defName>
    <conditionClass>SeasonalWeather.GameCondition_Wildfire</conditionClass>
    <label>wildfire</label>
    <description>Wildfire</description>
    <endMessage>The wildfire has ended.</endMessage>
  </GameConditionDef>

</Defs>